date,gross_pnl,execution_pnl,net_pnl
2022-01-03,146.97120158887782,184.2947107288102,184.2947107288102
2022-01-04,-234.44700460829486,-216.06334841628973,-216.06334841628973
2022-01-05,-895.7286432160805,-905.3450099581662,-905.3450099581662
2022-01-06,-249.8349834983498,-256.2838885379839,-256.2838885379839
2022-01-07,-423.2987312572088,-446.3767665061871,-446.3767665061871
2022-01-10,95.53349875930508,78.82790353724181,78.82790353724181
2022-01-11,606.7778375470682,511.80208566795415,511.80208566795415
2022-01-12,-154.49654112221364,-163.37765205091932,-163.37765205091932
2022-01-13,-374.59703417150223,-406.42776289206347,-406.42776289206347
2022-01-14,-0.3703703703704546,4.447356948377875,4.447356948377875
2022-01-17,20.39007092198579,4.9966381458385545,4.9966381458385545
2022-01-18,311.3101903695408,337.0372706060412,337.0372706060412
2022-01-19,106.50406504065036,19.28505286294279,19.28505286294279
2022-01-20,978.8494077834179,956.3885207055142,956.3885207055142
2022-01-21,-307.30478589420653,-311.3855088943384,-311.3855088943384
2022-01-24,1147.091108671789,1090.9417993196976,1090.9417993196976
2022-01-25,-959.9332220367279,-954.0596269140096,-954.0596269140096
2022-01-27,257.70001822489513,226.93194532540963,226.93194532540963
2022-01-28,-423.2501023331969,-453.03618391267423,-453.03618391267423
2022-01-31,214.0468227424749,203.76189742607573,203.76189742607573
2022-02-01,283.17901234567915,276.8655965741714,276.8655965741714
2022-02-02,-532.967032967033,-531.9963982406791,-531.9963982406791
2022-02-03,-115.51155115511551,-99.17078278456634,-99.17078278456634
2022-02-04,36.10619469026544,-22.799527659187955,-22.799527659187955
2022-02-07,-352.8788413987991,-357.9720343533823,-357.9720343533823
2022-02-08,-582.0433436532509,-608.7878854231201,-608.7878854231201
2022-02-09,302.881236823612,320.3913778949297,320.3913778949297
2022-02-10,-500.8330556481173,-524.9437547250585,-524.9437547250585
2022-02-11,1421.0347174948943,1350.046642958582,1350.046642958582
2022-02-14,-286.5090403337969,-363.95534009982094,-363.95534009982094
2022-02-15,107.62331838565005,93.24169024045248,93.24169024045248
2022-02-16,-734.8066298342542,-732.1270523102029,-732.1270523102029
2022-02-17,29.9427564949362,39.882081177257405,39.882081177257405
2022-02-18,-222.84325637910084,-255.45273220607007,-255.45273220607007
2022-02-21,1179.2225662194703,1153.864123096877,1153.864123096877
2022-02-22,272.6546906187625,246.13722828871036,246.13722828871036
2022-02-23,3656.898656898657,3472.480871541117,3472.480871541117
2022-02-24,-523.4221598877981,-539.5345584570942,-539.5345584570942
2022-02-25,-465.72496884088076,-473.7205685840882,-473.7205685840882
2022-02-28,-539.5229186155286,-561.4570095937662,-561.4570095937662
2022-03-02,208.9055347482313,157.51565783531086,157.51565783531086
2022-03-03,517.3563443812513,492.1063996545049,492.1063996545049
2022-03-04,675.3926701570681,709.6852390640307,709.6852390640307
2022-03-07,-176.69683257918555,-209.31772931125244,-209.31772931125244
2022-03-08,-127.61377613776136,-48.21574291556398,-48.21574291556398
2022-03-09,1516.3590604026842,1405.6246709133893,1405.6246709133893
2022-03-10,208.51596743894797,167.03613995489994,167.03613995489994
2022-03-11,52.8120713305899,49.034205746156054,49.034205746156054
2022-03-14,53.86416861826697,20.88635223747503,20.88635223747503
2022-03-15,-720.4458785567615,-741.7921672199018,-741.7921672199018
2022-03-16,841.2362404741745,821.3444479977561,821.3444479977561
2022-03-17,53.73134328358214,-5.053980146735302,-5.053980146735302
2022-03-21,-28.61230329041488,-47.7533243914825,-47.7533243914825
2022-03-22,183.1160769708256,154.01768867115393,154.01768867115393
2022-03-23,222.43436754176622,219.08257357272598,219.08257357272598
2022-03-24,-4.956896551724163,-36.293663878898855,-36.293663878898855
2022-03-25,-123.7684729064039,-76.2794589318088,-76.2794589318088
2022-03-28,53.97390272835109,44.19195536290778,44.19195536290778
2022-03-29,322.6581265012008,317.37611101263565,317.37611101263565
2022-03-30,-40.11065006915618,-62.15621562156211,-62.15621562156211
2022-03-31,129.2813969106783,115.77402996266544,115.77402996266544
2022-04-01,287.89004457652305,227.83080971311452,227.83080971311452
2022-04-04,-53.820870994248125,-72.13519387671721,-72.13519387671721
2022-04-05,487.92270531400976,577.7598577362675,577.7598577362675
2022-04-06,306.5502183406113,396.25786654740693,396.25786654740693
2022-04-07,-148.6784140969162,-123.41198823579188,-123.41198823579188
2022-04-08,-421.5753424657534,-399.3669439307818,-399.3669439307818
2022-04-11,649.3168510084581,653.3251555244019,653.3251555244019
2022-04-12,-817.6100628930817,-813.4461833280103,-813.4461833280103
2022-04-13,1263.0603927380512,1242.842657759752,1242.842657759752
2022-04-18,-369.09871244635195,-347.6384800642226,-347.6384800642226
2022-04-19,-545.171339563863,-522.2678588827846,-522.2678588827846
2022-04-20,495.33437013996905,589.4473140597198,589.4473140597198
2022-04-21,-515.2292401410708,-530.8453922315308,-530.8453922315308
2022-04-22,913.4150873281305,942.88427432306,942.88427432306
2022-04-25,-643.9041830532714,-640.599966704318,-640.599966704318
2022-04-26,-587.1062992125984,-620.0286862730964,-620.0286862730964
2022-04-27,-703.9947609692207,-704.6819128140744,-704.6819128140744
2022-04-28,162.36162361623622,145.2477566257797,145.2477566257797
2022-04-29,392.3533778767634,351.4211862861349,351.4211862861349
2022-05-02,-41.007194244604236,-85.59416602105304,-85.59416602105304
2022-05-04,-820.6012814194185,-833.4680448917502,-833.4680448917502
2022-05-05,763.545429285913,805.8743772466421,805.8743772466421
2022-05-06,462.4553039332538,433.5626783017284,433.5626783017284
2022-05-09,19.60784313725494,7.591061027420467,7.591061027420467
2022-05-10,-266.3153627888123,-297.68507593799626,-297.68507593799626
2022-05-11,1321.7753120665745,1260.1897548632728,1260.1897548632728
2022-05-12,-423.10778282963355,-414.03331949961455,-414.03331949961455
2022-05-13,-101.45724498212806,-86.80047093807404,-86.80047093807404
2022-05-16,199.07407407407425,209.36374490631889,209.36374490631889
2022-05-17,115.79378068739764,125.7690052527805,125.7690052527805
2022-05-18,2537.586860391661,2510.0294552161427,2510.0294552161427
2022-05-19,-584.9263898044387,-597.7854849350017,-597.7854849350017
2022-05-20,231.99999999999994,218.48365112531948,218.48365112531948
2022-05-23,-67.49049429657798,-103.97988004090075,-103.97988004090075
2022-05-24,-445.9352801894238,-467.3471917030766,-467.3471917030766
2022-05-25,-637.5000000000001,-626.5340803893391,-626.5340803893391
2022-05-26,319.7658210203512,300.726045058596,300.726045058596
2022-05-27,474.983964079538,485.35395601647986,485.35395601647986
2022-05-30,-315.17052136417095,-339.1688017310136,-339.1688017310136
2022-05-31,-323.72214941022276,-339.36697318732735,-339.36697318732735
2022-06-01,514.2690739662203,464.47504346828003,464.47504346828003
2022-06-02,483.70233702337026,451.53436306890995,451.53436306890995
2022-06-03,89.10546467107541,87.45583347604065,87.45583347604065
2022-06-06,-493.8140685754684,-507.1256992979426,-507.1256992979426
2022-06-07,61.12984822934233,13.007995360205419,13.007995360205419
2022-06-08,508.4996304508498,543.9920646476412,543.9920646476412
2022-06-09,-438.7001477104875,-481.48295714883363,-481.48295714883363
2022-06-10,1525.8732212160414,1500.4099797125912,1500.4099797125912
2022-06-13,50.01562988433886,43.967704080557,43.967704080557
2022-06-14,4.39824070371849,-62.41500656089709,-62.41500656089709
2022-06-15,-833.561331509348,-861.2248329009128,-861.2248329009128
2022-06-16,225.58685446009395,142.3261554233781,142.3261554233781
2022-06-17,16.301816488122963,-23.17964394647604,-23.17964394647604
2022-06-20,249.10179640718556,258.5986399639047,258.5986399639047
2022-06-21,-619.0716448032291,-631.1541852455584,-631.1541852455584
2022-06-22,-313.50267379679144,-333.968012185834,-333.968012185834
2022-06-23,425.78548212351023,412.55680704734016,412.55680704734016
2022-06-24,-527.0588235294118,-541.2663375495737,-541.2663375495737
2022-06-27,330.30781373322816,243.04177231164604,243.04177231164604
2022-06-28,-673.7518536826495,-680.6302019644196,-680.6302019644196
2022-06-29,182.95218295218277,178.787077886433,178.787077886433
2022-06-30,219.89944429743323,171.48288379514952,171.48288379514952
2022-07-01,-21.32921174652234,-60.492299229923006,-60.492299229923006
2022-07-04,146.31043256997455,151.48864709792545,151.48864709792545
2022-07-05,-322.5331369661266,-323.4965802860126,-323.4965802860126
2022-07-06,896.8307484828051,814.1274627125107,814.1274627125107
2022-07-07,238.8797364085667,211.7998101179979,211.7998101179979
2022-07-08,286.8061142397425,231.5182837755988,231.5182837755988
2022-07-11,-436.32183908045977,-457.23159196589586,-457.23159196589586
2022-07-12,-477.7562862669246,-481.14139907638673,-481.14139907638673
2022-07-13,-442.92237442922374,-459.1443283160188,-459.1443283160188
2022-07-14,-315.46458739441204,-332.06630154295675,-332.06630154295675
2022-07-15,517.038777908343,494.5930345562812,494.5930345562812
2022-07-18,-395.5857385398981,-402.10268737173845,-402.10268737173845
2022-07-19,1454.478707782673,1424.5242918399977,1424.5242918399977
2022-07-20,-308.27702702702703,-337.02746452162467,-337.02746452162467
2022-07-21,244.6615997104595,200.80456726554493,200.80456726554493
2022-07-22,-154.4144809752493,-177.56762131140704,-177.56762131140704
2022-07-25,160.81081081081075,136.64691392351182,136.64691392351182
2022-07-26,36.36363636363633,-49.51302524570816,-49.51302524570816
2022-07-27,618.5507246376811,604.1784230236491,604.1784230236491
2022-07-28,564.3925574607806,571.7215414411643,571.7215414411643
2022-07-29,84.87972508591062,65.25863670453212,65.25863670453212
2022-08-01,-352.5214081826831,-384.8936145104379,-384.8936145104379
2022-08-02,42.606516290726894,175.91571965078273,175.91571965078273
2022-08-03,613.1996658312447,546.6271748534076,546.6271748534076
2022-08-04,-210.79988449321397,-232.97922129265174,-232.97922129265174
2022-08-05,-154.73684210526315,-146.6023585086742,-146.6023585086742
2022-08-08,7.5566750629723405,-65.47650662825838,-65.47650662825838
2022-08-10,-856.5714285714287,-881.7333947520311,-881.7333947520311
2022-08-11,25.234025234025307,11.69681289892281,11.69681289892281
2022-08-12,280.757097791798,231.66767170082105,231.66767170082105
2022-08-16,84.63251670378624,64.90425134297307,64.90425134297307
2022-08-17,-602.9654036243822,-530.2021624756618,-530.2021624756618
2022-08-18,-51.38888888888893,-63.73362305652186,-63.73362305652186
2022-08-19,376.89075630252097,365.0262536326987,365.0262536326987
2022-08-22,427.7803414859252,431.62741717341714,431.62741717341714
2022-08-23,-158.40386940749707,-122.87344878851466,-122.87344878851466
2022-08-24,342.5728500355367,340.9440631390709,340.9440631390709
2022-08-25,-499.0335051546391,-502.8767697616667,-502.8767697616667
2022-08-26,2089.648798521257,2091.7322121618517,2091.7322121618517
2022-08-29,447.3363155754371,395.45672865921927,395.45672865921927
2022-08-30,-848.2003129890454,-850.97066288615,-850.97066288615
2022-09-01,-211.08865145827323,-240.44806966766123,-240.44806966766123
2022-09-02,-240.06211180124225,-251.2859073108545,-251.2859073108545
2022-09-05,183.08874912648508,165.50228444539616,165.50228444539616
2022-09-06,586.5570599613153,583.4510327081615,583.4510327081615
2022-09-07,579.6703296703297,540.4518352387724,540.4518352387724
2022-09-08,339.7870280735722,291.5503823293108,291.5503823293108
2022-09-09,-370.96774193548396,-370.7218902567798,-370.7218902567798
2022-09-12,245.03311258278146,244.91986348452127,244.91986348452127
2022-09-13,-766.2694775435381,-768.8800940121297,-768.8800940121297
2022-09-14,322.44404113732594,288.5482740651561,288.5482740651561
2022-09-15,266.4728682170542,325.04397565817936,325.04397565817936
2022-09-16,44.65334900117522,-53.39019532019522,-53.39019532019522
2022-09-19,460.0586892729052,480.19842146486445,480.19842146486445
2022-09-20,52.273693157670984,29.862783178371295,29.862783178371295
2022-09-21,94.14990859232172,191.1351261780026,191.1351261780026
2022-09-22,-11.806699615595857,64.99023604782617,64.99023604782617
2022-09-23,460.87680355160944,520.9945948014166,520.9945948014166
2022-09-26,-285.5504587155964,-277.2382894639518,-277.2382894639518
2022-09-27,832.9842931937173,879.5814989139718,879.5814989139718
2022-09-28,-872.8179551122194,-873.8090933537115,-873.8090933537115
2022-09-29,101.93072118114718,87.45518279626255,87.45518279626255
2022-09-30,-105.29914529914534,-186.13861386138612,-186.13861386138612
2022-10-03,-809.5057034220533,-824.580667497705,-824.580667497705
2022-10-04,826.0558339298498,781.5596262367424,781.5596262367424
2022-10-06,103.49940688018991,109.71847592589612,109.71847592589612
2022-10-07,-618.7732971873942,-633.8392912975507,-633.8392912975507
2022-10-10,-151.0822510822511,-196.15559882348066,-196.15559882348066
2022-10-11,-156.36555731642906,-186.1083995723516,-186.1083995723516
2022-10-12,-455.10835913312695,-459.58281659788156,-459.58281659788156
2022-10-13,-712.9411764705883,-709.8429543262832,-709.8429543262832
2022-10-14,-12.745435756114325,-55.85911405923579,-55.85911405923579
2022-10-17,567.3956262425447,568.0838902783237,568.0838902783237
2022-10-18,104.7783534830168,103.90411612754322,103.90411612754322
2022-10-19,506.78371907422206,529.8548881074688,529.8548881074688
2022-10-20,87.71929824561403,92.63345707284903,92.63345707284903
2022-10-21,-854.8700038804811,-838.6549235939134,-838.6549235939134
2022-10-25,-838.5093167701863,-852.9366825571446,-852.9366825571446
2022-10-27,-157.81818181818184,-186.67837286277796,-186.67837286277796
2022-10-28,513.757700205339,491.71831190030997,491.71831190030997
2022-10-31,395.9459459459458,379.34852922678823,379.34852922678823
2022-11-01,-158.95800106326425,-161.2914334911753,-161.2914334911753
2022-11-02,317.68746422438466,257.42574257425736,257.42574257425736
2022-11-03,-35.66878980891716,-22.445490364853214,-22.445490364853214
2022-11-04,359.33048433048424,301.06528290383994,301.06528290383994
2022-11-07,-414.68126207340634,-444.47495844474963,-444.47495844474963
2022-11-09,638.3363471971066,711.3788003657834,711.3788003657834
2022-11-10,-712.9032258064517,-724.0400324973886,-724.0400324973886
2022-11-11,-93.07178631051747,-125.12101961167652,-125.12101961167652
2022-11-14,-361.73089925625425,-364.907978264845,-364.907978264845
2022-11-15,-278.6790266512167,-316.51056997591667,-316.51056997591667
2022-11-16,-513.2905591200732,-550.0093492678715,-550.0093492678715
2022-11-17,-221.90082644628094,-249.91618800706257,-249.91618800706257
2022-11-18,348.90597279716144,339.84526960820136,339.84526960820136
2022-11-21,-239.73607038123168,-197.7078304845412,-197.7078304845412
2022-11-22,213.65914786967417,231.2581729871101,231.2581729871101
2022-11-23,-665.6848306332843,-701.2325284532786,-701.2325284532786
2022-11-24,-190.47619047619048,-213.85703654884637,-213.85703654884637
2022-11-25,-275.58685446009383,-246.23788638810836,-246.23788638810836
2022-11-28,158.26086956521746,162.48924722114438,162.48924722114438
2022-11-29,311.8201595358956,301.96569638655575,301.96569638655575
2022-11-30,1669.3386773547093,1200.4025266029332,1200.4025266029332
2022-12-01,207.54716981132077,159.18504201017737,159.18504201017737
2022-12-02,-27.435610302351655,-38.05976927968042,-38.05976927968042
2022-12-05,-344.9740443605474,-380.9893871352384,-380.9893871352384
2022-12-06,-175.58441558441564,-235.7255644316888,-235.7255644316888
2022-12-07,-286.4424057084607,-252.43694821191613,-252.43694821191613
2022-12-08,122.78761061946908,117.181097812479,117.181097812479
2022-12-09,545.5635491606714,524.5736663218557,524.5736663218557
2022-12-12,59.36073059360739,55.91037626746851,55.91037626746851
2022-12-13,207.8364565587734,196.00885812458696,196.00885812458696
2022-12-14,-84.72803347280329,-156.84795740912085,-156.84795740912085
2022-12-15,303.51758793969833,264.4770728605099,264.4770728605099
2022-12-16,-36.79525222551922,-48.139802860938374,-48.139802860938374
2022-12-19,-504.1436464088397,-538.197441378095,-538.197441378095
2022-12-20,439.4299287410928,465.1686491452699,465.1686491452699
2022-12-21,-592.3970432946146,-536.6830311840049,-536.6830311840049
2022-12-22,354.1329011345218,333.2329060302732,333.2329060302732
2022-12-23,-156.89981096408312,-57.50190403655748,-57.50190403655748
2022-12-26,313.34263133426316,360.3349237940783,360.3349237940783
2022-12-27,-316.4739884393064,-306.6026320176831,-306.6026320176831
2022-12-28,-627.7955271565495,-654.7504841891867,-654.7504841891867
2022-12-29,222.35973597359737,166.02617456175736,166.02617456175736
2022-12-30,-204.4172932330827,-187.2688178239431,-187.2688178239431
2023-01-02,-169.59357752132468,-218.807828941148,-218.807828941148
2023-01-03,-278.8525683789194,-293.0811231297172,-293.0811231297172
2023-01-04,-298.7755102040816,-297.66578344242777,-297.66578344242777
2023-01-05,-73.73271889400921,-87.13790120524035,-87.13790120524035
2023-01-06,-464.2857142857142,-511.63561768646224,-511.63561768646224
2023-01-09,-264.9892933618844,-273.1337377299962,-273.1337377299962
2023-01-10,215.28861154446196,249.84286430972767,249.84286430972767
2023-01-11,-91.81969949916528,-165.16773526967359,-165.16773526967359
2023-01-12,104.56730769230766,65.3729002893281,65.3729002893281
2023-01-13,311.6564417177914,262.0643324429373,262.0643324429373
2023-01-16,77.59626604434062,87.48917723420143,87.48917723420143
2023-01-17,-100.75566750629721,-54.23231163651036,-54.23231163651036
2023-01-18,-509.9394987035436,-469.3520817879833,-469.3520817879833
2023-01-19,-35.06243996157533,-74.96617340692849,-74.96617340692849
2023-01-20,-401.1049723756906,-420.23307528602027,-420.23307528602027
2023-01-23,252.22717149220497,235.36284135710292,235.36284135710292
2023-01-24,373.09292649098484,343.3345059238591,343.3345059238591
2023-01-25,387.6050420168067,358.92256474555734,358.92256474555734
2023-01-27,552.7777777777778,557.1681743037865,557.1681743037865
2023-01-30,128.32369942196524,106.41317049992949,106.41317049992949
2023-01-31,-220.9965766451121,-229.41101088161722,-229.41101088161722
2023-02-01,704.5573598742795,763.8325990634434,763.8325990634434
2023-02-02,265.8227848101265,180.1620212951478,180.1620212951478
2023-02-03,-254.43087829854272,-256.6382201001491,-256.6382201001491
2023-02-06,-97.26603575184018,-138.59841120653044,-138.59841120653044
2023-02-07,-198.54545454545453,-216.37285679787487,-216.37285679787487
2023-02-08,-359.9439775910364,-394.9848410965294,-394.9848410965294
2023-02-09,-297.16193656093486,-311.25909051082095,-311.25909051082095
2023-02-10,-24.898373983739866,-52.45463347596574,-52.45463347596574
2023-02-13,-295.3114065780266,-307.54139541160106,-307.54139541160106
2023-02-14,-339.46488294314383,-350.0134936832695,-350.0134936832695
2023-02-17,-7.800312012480498,-76.55361280808934,-76.55361280808934
2023-02-20,-176.5432098765432,-186.56966691075579,-186.56966691075579
2023-02-21,687.4999999999998,605.2372893379409,605.2372893379409
2023-02-22,-79.42973523421585,-44.362750625859924,-44.362750625859924
2023-02-23,-215.5495978552278,-231.88474536076362,-231.88474536076362
2023-02-24,322.1016561964592,333.37420723639156,333.37420723639156
2023-02-27,54.00130123617444,51.485148514851375,51.485148514851375
2023-02-28,-309.1231178033658,-375.0373113000845,-375.0373113000845
2023-03-01,-251.25628140703515,-284.33497977337237,-284.33497977337237
2023-03-02,-497.53086419753083,-533.9595707023619,-533.9595707023619
2023-03-03,679.6482412060302,745.705272560293,745.705272560293
2023-03-06,-580.6916426512968,-607.5637071903913,-607.5637071903913
2023-03-08,-27.644230769230735,-132.81304601048325,-132.81304601048325
2023-03-09,1095.9478341872382,1048.1494851761067,1048.1494851761067
2023-03-10,79.94640464493081,129.46509579315153,129.46509579315153
2023-03-13,110.40856031128412,144.57603798527012,144.57603798527012
2023-03-14,-655.5142503097894,-673.4220297029702,-673.4220297029702
2023-03-15,-129.68749999999994,-61.14926288011809,-61.14926288011809
2023-03-16,276.9230769230769,291.5033829715765,291.5033829715765
2023-03-17,618.2336182336184,506.4939954071456,506.4939954071456
2023-03-20,239.49211908931704,187.18762261478398,187.18762261478398
2023-03-21,307.6514346439958,311.8638366937261,311.8638366937261
2023-03-22,400.437636761488,367.6028730040633,367.6028730040633
2023-03-23,-111.37440758293839,-136.9325611806464,-136.9325611806464
2023-03-24,-299.6438112199465,-327.834198210818,-327.834198210818
2023-03-27,-378.5211267605634,-423.4505985441751,-423.4505985441751
2023-03-28,-460.5128205128205,-499.1488179430188,-499.1488179430188
2023-03-31,206.46221248630897,194.08592644978788,194.08592644978788
2023-04-03,40.88952654232416,105.36339194264261,105.36339194264261
2023-04-05,-334.8519362186788,-365.22583110852037,-365.22583110852037
2023-04-06,229.1169451073986,236.05906407373786,236.05906407373786
2023-04-10,-477.1897810218978,-501.1572291721396,-501.1572291721396
2023-04-11,6.703910614525077,24.276626650860674,24.276626650860674
2023-04-12,-280.5687203791469,-326.50241768362895,-326.50241768362895
2023-04-13,-442.5947187141217,-491.6342404135362,-491.6342404135362
2023-04-17,31.97492163009401,53.20291065251137,53.20291065251137
2023-04-18,269.4475760992107,189.3362834318245,189.3362834318245
2023-04-19,-320.113314447592,-338.88771855908993,-338.88771855908993
2023-04-20,78.2241014799155,78.54564720686109,78.54564720686109
2023-04-21,-339.3501805054151,-341.174817991664,-341.174817991664
2023-04-24,-79.51987996999256,-102.0062043727825,-102.0062043727825
2023-04-25,-146.69738863287247,-164.65600999352273,-164.65600999352273
2023-04-26,-243.01964839710445,-177.99183248077776,-177.99183248077776
2023-04-27,219.47873799725653,176.5316718587745,176.5316718587745
2023-04-28,706.787330316742,639.2352059216836,639.2352059216836
2023-05-02,653.4040671971707,670.074771806936,670.074771806936
2023-05-03,-448.44844844844846,-362.95750711034907,-362.95750711034907
2023-05-04,-452.5,-448.9296278453112,-448.9296278453112
2023-05-05,-358.8621444201312,-413.92905225366724,-413.92905225366724
2023-05-08,140.08859357696574,111.3531902275086,111.3531902275086
2023-05-09,-288.1355932203389,-329.5850360659335,-329.5850360659335
2023-05-10,120.50209205020926,52.2714036109494,52.2714036109494
2023-05-11,356.7867036011081,342.8754399235997,342.8754399235997
2023-05-12,0.0,78.86628590216648,78.86628590216648
2023-05-15,48.8322717622079,22.90445147686566,22.90445147686566
2023-05-16,146.55870445344124,77.36685237269936,77.36685237269936
2023-05-17,-793.517406962785,-791.5721491286595,-791.5721491286595
2023-05-18,-105.76923076923073,-144.6755090603399,-144.6755090603399
2023-05-19,-185.427135678392,-153.47101431934303,-153.47101431934303
2023-05-22,350.20845741512795,290.4468825260906,290.4468825260906
2023-05-23,606.2075654704171,589.6952478107708,589.6952478107708
2023-05-24,-426.95214105793457,-428.7941622898659,-428.7941622898659
2023-05-25,-26.750972762645915,-7.726114486525585,-7.726114486525585
2023-05-26,870.8590679393599,884.1804116937947,884.1804116937947
2023-05-29,20.819341840161144,-28.473403174068103,-28.473403174068103
2023-05-30,-377.81954887218046,-438.1707319918887,-438.1707319918887
2023-05-31,320.10582010582016,153.6618203134561,153.6618203134561
2023-06-01,-379.184418746196,-407.6544927643067,-407.6544927643067
2023-06-02,-532.5824617860015,-571.6243505538673,-571.6243505538673
2023-06-05,99.82332155477029,63.29514442789161,63.29514442789161
2023-06-06,462.4373956594323,444.13369458005076,444.13369458005076
2023-06-07,142.46823956442833,70.5143685100216,70.5143685100216
2023-06-08,-163.9705882352941,-157.22496887914704,-157.22496887914704
2023-06-09,-177.21518987341776,-197.23339268619935,-197.23339268619935
2023-06-12,-389.1531874405328,-434.55335838292956,-434.55335838292956
2023-06-13,154.5126353790614,121.34511072316587,121.34511072316587
2023-06-14,-453.3468559837728,-433.15084449621435,-433.15084449621435
2023-06-15,-308.62767805442957,-344.7752139498624,-344.7752139498624
2023-06-16,141.713747645951,121.52456182263904,121.52456182263904
2023-06-19,369.4638694638695,374.3128278792692,374.3128278792692
2023-06-20,-52.095130237825536,-74.44328050552505,-74.44328050552505
2023-06-21,-258.13692480359146,-230.10409457493546,-230.10409457493546
2023-06-22,501.27011007620683,515.1607568565968,515.1607568565968
2023-06-23,3.6363636363636878,-43.5984450354105,-43.5984450354105
2023-06-26,317.62917933130706,353.4547207116267,353.4547207116267
2023-06-30,446.00638977635793,492.36347778334135,492.36347778334135
2023-07-03,438.0495603517187,473.03939026996227,473.03939026996227
2023-07-04,332.56528417818754,206.42588202482233,206.42588202482233
2023-07-05,-262.76595744680856,-224.40027521222797,-224.40027521222797
2023-07-06,-170.46029337379863,-173.627305222535,-173.627305222535
2023-07-07,-309.15032679738556,-346.26260294638956,-346.26260294638956
2023-07-10,-397.95114263199366,-441.96174345451715,-441.96174345451715
2023-07-11,438.095238095238,366.06113156613316,366.06113156613316
2023-07-12,-723.6084452975048,-746.3755739792807,-746.3755739792807
2023-07-13,-361.3996719518863,-391.57822967925523,-391.57822967925523
2023-07-14,20.557029177718793,-31.987199365722585,-31.987199365722585
2023-07-17,460.1557819053324,505.45052956108924,505.45052956108924
2023-07-18,-247.12202609363018,-313.0602358848316,-313.0602358848316
2023-07-19,-178.79161528976573,-217.48897578833507,-217.48897578833507
2023-07-20,-306.86475409836055,-345.26578871479387,-345.26578871479387
2023-07-21,305.3291536050156,266.12675092394034,266.12675092394034
2023-07-24,-247.6933995741661,-227.21589565099868,-227.21589565099868
2023-07-25,-270.72192513368987,-277.52933564289043,-277.52933564289043
2023-07-28,-67.70579639551879,-98.67128983760206,-98.67128983760206
2023-07-31,57.54950495049512,2.5259929181983507,2.5259929181983507
2023-08-01,709.6069868995633,703.4871513252464,703.4871513252464
2023-08-02,886.0062893081762,835.4335723315426,835.4335723315426
2023-08-03,-268.74340021119326,-281.57785957522185,-281.57785957522185
2023-08-04,187.7116594097727,178.7117513989761,178.7117513989761
2023-08-07,-9.481668773704172,-38.89174844922862,-38.89174844922862
2023-08-08,95.2380952380952,93.10497427327778,93.10497427327778
2023-08-09,-407.8794901506373,-386.48241830310855,-386.48241830310855
2023-08-10,226.23906705539366,258.47821002572664,258.47821002572664
2023-08-11,928.9693593314764,1055.3571685180125,1055.3571685180125
2023-08-14,-681.6390858944051,-659.7200302858372,-659.7200302858372
2023-08-16,-289.47368421052624,-281.0228936926562,-281.0228936926562
2023-08-17,480.54919908466815,469.9449976602317,469.9449976602317
2023-08-18,16.224986479177932,56.70731030502151,56.70731030502151
2023-08-21,81.10599078341012,94.68883433584247,94.68883433584247
2023-08-22,-39.37007874015749,-83.4012813046012,-83.4012813046012
2023-08-23,975.6427604871446,1024.8915912838709,1024.8915912838709
2023-08-24,578.5813630041725,551.4475644117742,551.4475644117742
2023-08-25,-332.7991452991452,-327.38181015324113,-327.38181015324113
2023-08-28,-780.2197802197802,-788.6526145257257,-788.6526145257257
2023-08-30,-100.76670317634176,-194.76690411208418,-194.76690411208418
2023-08-31,172.72727272727278,58.59004608701388,58.59004608701388
2023-09-01,305.3097345132744,273.17580630604255,273.17580630604255
2023-09-04,-36.80430879712755,-33.54514555933224,-33.54514555933224
2023-09-05,-156.6443949517446,-113.58750501802747,-113.58750501802747
2023-09-06,-511.53324287652646,-515.6788563738484,-515.6788563738484
2023-09-07,123.87280493592797,133.14331195984212,133.14331195984212
2023-09-08,276.3241863433313,255.189264907198,255.189264907198
2023-09-11,521.2698412698412,523.3670608275648,523.3670608275648
2023-09-12,263.428991905813,235.59914869991658,235.59914869991658
2023-09-13,425.2100840336134,474.0114643043252,474.0114643043252
2023-09-14,-202.21066319895974,-205.12816371359816,-205.12816371359816
2023-09-15,-367.0820353063343,-391.5705496898237,-391.5705496898237
2023-09-18,893.9179632248939,885.0632617077756,885.0632617077756
2023-09-20,1016.4512338425382,1225.6651465639175,1225.6651465639175
2023-09-21,85.57588805166834,36.24324493528318,36.24324493528318
2023-09-22,165.3136531365314,159.45746158326247,159.45746158326247
2023-09-25,-105.18590998043052,-109.29053952260723,-109.29053952260723
2023-09-26,624.612202688728,568.4178569879659,568.4178569879659
2023-09-27,53.97448478900883,40.79646880944248,40.79646880944248
2023-09-28,-310.6343283582089,-314.9515259145413,-314.9515259145413
2023-09-29,-563.2946379215036,-587.5625212500563,-587.5625212500563
2023-10-03,1088.6162235855488,1060.6792349553516,1060.6792349553516
2023-10-04,756.9124423963134,852.5425358069789,852.5425358069789
2023-10-05,178.57142857142858,178.67863914050972,178.67863914050972
2023-10-06,-580.8743169398907,-581.3459411336229,-581.3459411336229
2023-10-09,-557.7043044291953,-572.9724822031474,-572.9724822031474
2023-10-10,507.80312124849934,456.80271256772903,456.80271256772903
2023-10-11,-55.91572123176665,-68.5856665136714,-68.5856665136714
2023-10-12,712.4463519313304,660.4562348598301,660.4562348598301
2023-10-13,-264.8648648648649,-255.14459287480895,-255.14459287480895
2023-10-16,352.9682466635987,345.09916419322866,345.09916419322866
2023-10-17,43.93816110659077,56.3084581353033,56.3084581353033
2023-10-18,1416.4456233421747,1567.1852899575676,1567.1852899575676
2023-10-19,-365.62366052293186,-378.91041380517277,-378.91041380517277
2023-10-20,-94.33085501858729,-105.26571591240484,-105.26571591240484
2023-10-23,-470.648815653965,-504.21622863174775,-504.21622863174775
2023-10-25,628.9752650176679,771.6171617161718,771.6171617161718
2023-10-26,-309.4491715181371,-318.602125880163,-318.602125880163
2023-10-27,-240.2902262057192,-280.22672453311975,-280.22672453311975
2023-10-30,216.03927986906706,187.37171891631354,187.37171891631354
2023-10-31,443.63103953147873,341.203351104341,341.203351104341
2023-11-01,-919.6757553426677,-928.1511438664481,-928.1511438664481
2023-11-02,-457.01849836779115,-474.51790726319416,-474.51790726319416
2023-11-03,-542.841348811498,-556.008330581186,-556.008330581186
2023-11-06,-109.9227569815805,-132.42296887689673,-132.42296887689673
2023-11-08,-362.0689655172414,-395.48879802656035,-395.48879802656035
2023-11-09,547.7966101694916,535.1876065754979,535.1876065754979
2023-11-10,79.84031936127745,42.68524197552502,42.68524197552502
2023-11-13,-838.1112984822934,-849.0744547018858,-849.0744547018858
2023-11-15,-697.0588235294117,-707.5273752540818,-707.5273752540818
2023-11-16,-142.67938614682706,-150.55591246799315,-150.55591246799315
2023-11-17,-111.15992970123015,-167.50305167503052,-167.50305167503052
2023-11-20,-402.88263555250506,-444.97227216327775,-444.97227216327775
2023-11-21,-50.11746280344562,-23.139994287890385,-23.139994287890385
2023-11-28,383.5946924004824,393.05316401205334,393.05316401205334
2023-11-29,-2.4019215372298746,-93.14338916196975,-93.14338916196975
2023-11-30,173.78048780487805,106.04557000762841,106.04557000762841
2023-12-01,1087.1845296624053,1121.4817293632373,1121.4817293632373
2023-12-04,783.1027667984189,779.2897604185055,779.2897604185055
2023-12-07,56.86032138442514,36.382409967532084,36.382409967532084
2023-12-08,-98.79206212251944,-139.8719684686238,-139.8719684686238
2023-12-11,199.5787256450764,147.3894152005129,147.3894152005129
2023-12-12,59.89583333333326,21.143526566396915,21.143526566396915
2023-12-13,2247.852760736196,2387.098543649378,2387.098543649378
2023-12-14,254.077791718946,231.94452985671217,231.94452985671217
2023-12-15,-513.5322692574601,-477.5837343268424,-477.5837343268424
2023-12-18,33.56321839080465,-11.105955909512787,-11.105955909512787
2023-12-19,610.2699144173798,668.2818635042114,668.2818635042114
2023-12-20,1056.941778630838,980.5539580645659,980.5539580645659
2023-12-21,-99.24999999999997,-114.49856027593424,-114.49856027593424
2023-12-22,-225.0,-203.81613183000863,-203.81613183000863
2023-12-26,164.48850833708863,152.2020306170998,152.2020306170998
2023-12-27,223.1404958677685,261.5829446342183,261.5829446342183
2023-12-28,-251.82672233820458,-283.8961195289408,-283.8961195289408
2023-12-29,80.03952569169955,33.79890137734198,33.79890137734198
2024-01-01,-216.7664670658683,-186.93538488606612,-186.93538488606612
2024-01-02,234.44108761329312,210.0820835760049,210.0820835760049
2024-01-03,-686.8231046931407,-720.7789508232592,-720.7789508232592
2024-01-04,183.93782383419693,145.8261687232605,145.8261687232605
2024-01-05,-104.74308300395265,-132.9489001926705,-132.9489001926705
2024-01-08,-671.1956521739131,-693.255051443154,-693.255051443154
2024-01-09,24.151811385853872,-72.40874812935587,-72.40874812935587
2024-01-10,265.28384279475995,269.7280104324766,269.7280104324766
2024-01-11,-264.93799323562575,-293.8888742653225,-293.8888742653225
2024-01-12,402.95939435650365,355.9089685586689,355.9089685586689
2024-01-15,-841.7985012489592,-850.2800160684326,-850.2800160684326
2024-01-17,769.718309859155,887.5086386225432,887.5086386225432
2024-01-18,270.87242026266415,264.01928114897015,264.01928114897015
2024-01-19,157.82907049282582,131.71031232624165,131.71031232624165
2024-01-20,-651.3274336283185,-661.6735867135101,-661.6735867135101
2024-01-23,-866.3194444444445,-868.2834377591003,-868.2834377591003
2024-01-25,-349.06914893617017,-343.81346854598854,-343.81346854598854
2024-01-29,-720.0000000000001,-720.8090591031984,-720.8090591031984
2024-01-31,-13.27800829875514,-22.861593203332408,-22.861593203332408
2024-02-01,-478.77285404400374,-495.6504188880426,-495.6504188880426
2024-02-02,37.73584905660381,17.444851590143,17.444851590143
2024-02-05,-191.5455746367239,-204.0383197518059,-204.0383197518059
2024-02-06,578.0113177041227,548.5578992681877,548.5578992681877
2024-02-07,-461.33333333333337,-513.9938424823325,-513.9938424823325
2024-02-08,-272.4414949353824,-249.99805149761912,-249.99805149761912
2024-02-12,-194.21033345547812,-219.54148138349288,-219.54148138349288
2024-02-13,-706.5552133743951,-697.6394218221598,-697.6394218221598
2024-02-14,130.06654567453117,173.08241604603816,173.08241604603816
2024-02-15,144.87804878048775,133.33725348778756,133.33725348778756
2024-02-16,74.99163039839316,102.76497853023342,102.76497853023342
2024-02-19,-257.4380165289257,-287.9922425232216,-287.9922425232216
2024-02-20,17.74580335731409,-9.604861656516777,-9.604861656516777
2024-02-21,-245.49549549549545,-283.66867402474804,-283.66867402474804
2024-02-22,44.431101771239724,13.552487043194295,13.552487043194295
2024-02-23,180.87954110898667,121.46349539001008,121.46349539001008
2024-02-26,50.13077593722755,14.95981224725906,14.95981224725906
2024-02-27,47.35516372795973,37.36784264243491,37.36784264243491
2024-02-28,-162.12710765239947,-224.1791463770151,-224.1791463770151
2024-02-29,178.81983396903743,156.08043620791236,156.08043620791236
2024-03-04,111.5340692805482,109.11936304677492,109.11936304677492
2024-03-05,-271.3301536830948,-254.94882235892186,-254.94882235892186
2024-03-06,-144.8979591836735,-155.0060199333701,-155.0060199333701
2024-03-07,7.045009784735857,-55.35074784074137,-55.35074784074137
2024-03-11,-156.88425671969293,-148.13062579562745,-148.13062579562745
2024-03-12,-237.1134020618557,-256.9355115790887,-256.9355115790887
2024-03-13,5.213270142180068,-30.992732793087516,-30.992732793087516
2024-03-14,-299.9494183105715,-299.60193314579186,-299.60193314579186
2024-03-15,386.2153344208809,315.9728069012999,315.9728069012999
2024-03-18,-244.94649227110585,-263.63971547018457,-263.63971547018457
2024-03-19,-291.2466843501327,-312.254075694198,-312.254075694198
2024-03-20,-821.4542836573074,-835.6833568073888,-835.6833568073888
2024-03-21,-183.73180873180868,-219.76364141738475,-219.76364141738475
2024-03-22,-195.92373438527284,-201.65277287648064,-201.65277287648064
2024-03-26,-162.97468354430387,-148.43327178377,-148.43327178377
2024-03-27,-83.92511297611361,-115.74895073615012,-115.74895073615012
2024-03-28,391.3170163170164,408.0742585188083,408.0742585188083
2024-04-01,281.87919463087235,221.01260312675794,221.01260312675794
2024-04-02,-526.2569832402235,-555.9119616907207,-555.9119616907207
2024-04-03,1369.653767820774,1523.1023102310232,1523.1023102310232
2024-04-04,422.83822920976417,367.21347411493923,367.21347411493923
2024-04-05,123.46139500186484,122.84013505362422,122.84013505362422
2024-04-08,172.1194879089615,147.03775877053198,147.03775877053198
2024-04-09,-301.74793008279664,-318.5764922468195,-318.5764922468195
2024-04-10,-279.2043399638336,-268.93306959218467,-268.93306959218467
2024-04-12,907.5144508670521,928.4640505935412,928.4640505935412
2024-04-15,838.9662027833001,867.6855759122374,867.6855759122374
2024-04-16,162.87678476996302,147.65124673002424,147.65124673002424
2024-04-18,941.7401303181298,901.4678032995721,901.4678032995721
2024-04-19,360.17100106875677,332.93180950142465,332.93180950142465
2024-04-22,48.83318928262741,9.024267718164577,9.024267718164577
2024-04-23,-370.44145873320537,-411.8202684159031,-411.8202684159031
2024-04-24,736.1894024802706,756.0860998672722,756.0860998672722
2024-04-25,61.168384879725124,79.23709182010059,79.23709182010059
2024-04-26,-210.6045589692765,-220.66831683168311,-220.66831683168311
2024-04-29,33.14659197012149,52.648433923261535,52.648433923261535
2024-04-30,-364.2276422764227,-340.675810700336,-340.675810700336
2024-05-02,-303.4642032332563,-326.86147960870227,-326.86147960870227
2024-05-06,-158.05211448099104,-153.08137899650157,-153.08137899650157
2024-05-07,462.56817055032235,471.0198895995794,471.0198895995794
2024-05-08,-31.29346314325452,-83.94443715079281,-83.94443715079281
2024-05-09,-127.05882352941181,-140.0149448907155,-140.0149448907155
2024-05-10,-159.79708306911851,-198.25085360740064,-198.25085360740064
2024-05-13,132.0266272189351,111.16467977006147,111.16467977006147
2024-05-14,67.32055283102984,53.7427454371282,53.7427454371282
2024-05-15,-588.447653429603,-602.7553821881561,-602.7553821881561
2024-05-16,-96.13683279268659,-81.10101853991505,-81.10101853991505
2024-05-17,204.5375218150088,129.84397031252433,129.84397031252433
2024-05-21,-11.482254697285954,-11.47426570614038,-11.47426570614038
2024-05-22,-130.74433656957922,-77.22480642762359,-77.22480642762359
2024-05-23,-117.42750502440434,-105.03659061558325,-105.03659061558325
2024-05-24,29.61275626423687,17.0269883043142,17.0269883043142
2024-05-27,-83.54755784061696,-13.959285129073903,-13.959285129073903
2024-05-28,460.0219058050385,473.50291038915816,473.50291038915816
2024-05-29,468.7270051508461,473.17890554215273,473.17890554215273
2024-05-31,-725.940337224384,-719.504792192927,-719.504792192927
2024-06-03,-649.3525389204133,-525.4832583094046,-525.4832583094046
2024-06-04,-319.99362244897964,-396.59410775504523,-396.59410775504523
2024-06-05,183.7242359630421,309.42832327420297,309.42832327420297
2024-06-06,-105.00739488696384,-121.08685234990057,-121.08685234990057
2024-06-07,222.61819909717283,183.9644758742818,183.9644758742818
2024-06-10,-99.39361982599522,-140.9176659955593,-140.9176659955593
2024-06-12,-705.6010928961749,-721.686612726757,-721.686612726757
2024-06-13,-160.72629455279082,-167.0470020979793,-167.0470020979793
2024-06-14,338.5178408051236,330.60804108135363,330.60804108135363
2024-06-18,114.56628477905073,96.04562890366114,96.04562890366114
2024-06-19,-74.33881343817016,-146.63243221060276,-146.63243221060276
2024-06-20,51.71102661596967,43.50266919559269,43.50266919559269
2024-06-21,287.04022000687524,316.10430873420654,316.10430873420654
2024-06-24,67.7130044843049,45.55182811246393,45.55182811246393
2024-06-25,-14.388489208633127,-45.58912482888162,-45.58912482888162
2024-06-26,-347.7911646586345,-383.7483827340492,-383.7483827340492
2024-06-28,-11.824324324324373,-21.843634061385693,-21.843634061385693
2024-07-01,110.65064235391624,149.15897751948611,149.15897751948611
2024-07-02,-472.9327781082689,-504.626446722514,-504.626446722514
2024-07-03,211.79039301310038,163.3504186431504,163.3504186431504
2024-07-04,185.0839515814134,198.5861001483254,198.5861001483254
2024-07-05,-258.9690721649485,-254.96626095730602,-254.96626095730602
2024-07-08,113.38057523968327,109.94533850173538,109.94533850173538
2024-07-09,-107.16435881998785,-155.1654862639504,-155.1654862639504
2024-07-10,-492.5207756232687,-519.8647985961101,-519.8647985961101
2024-07-11,-156.1521252796421,-161.09770547956578,-161.09770547956578
2024-07-12,198.6518636003173,208.7110348761791,208.7110348761791
2024-07-15,8.884501480750304,13.464312617238946,13.464312617238946
2024-07-16,253.66695427092324,158.16455832134196,158.16455832134196
2024-07-18,-82.81350828135082,-102.53009797944257,-102.53009797944257
2024-07-19,260.6361007847996,266.60769204823856,266.60769204823856
2024-07-22,60.536574180233835,21.21877507538342,21.21877507538342
2024-07-23,32.84356093344855,8.496579040189744,8.496579040189744
2024-07-24,1439.7905759162302,1629.3799230206967,1629.3799230206967
2024-07-26,440.5191059841386,399.44982777446626,399.44982777446626
2024-07-29,141.06728538283065,60.05031041276835,60.05031041276835
2024-07-30,100.39113428943935,87.40217802387482,87.40217802387482
2024-07-31,236.73925181462874,325.6342821782178,325.6342821782178
2024-08-01,729.2407108239097,713.1482435472387,713.1482435472387
2024-08-02,1581.558028616852,1596.0472249919028,1596.0472249919028
2024-08-05,-716.3778374420308,-707.5110047720392,-707.5110047720392
2024-08-06,-782.3129251700681,-785.8880528551063,-785.8880528551063
2024-08-08,-598.3543327333505,-627.2275335572798,-627.2275335572798
2024-08-09,-182.8263624841573,-213.31042803810158,-213.31042803810158
2024-08-12,-57.08154506437773,-134.02218990340344,-134.02218990340344
2024-08-13,-259.7473915431081,-276.65779182960296,-276.65779182960296
2024-08-14,508.739406779661,461.04865402782036,461.04865402782036
2024-08-16,237.41794310722108,237.63829994085037,237.63829994085037
2024-08-19,-195.81911262798639,-257.4381368869205,-257.4381368869205
2024-08-20,-90.47333732774112,-93.63737456289586,-93.63737456289586
2024-08-21,315.01831501831504,324.74809750687683,324.74809750687683
2024-08-22,64.5300996102209,74.60712485116326,74.60712485116326
2024-08-23,159.7222222222221,114.89168827520041,114.89168827520041
2024-08-26,-112.68158617981935,-134.05174451759567,-134.05174451759567
2024-08-27,-96.66666666666669,-59.07558506793011,-59.07558506793011
2024-08-28,-152.3517382413087,-187.68254719422654,-187.68254719422654
2024-08-30,54.50805622214616,32.847414675818364,32.847414675818364
2024-09-02,48.380311316785864,-4.1270618382197,-4.1270618382197
2024-09-03,-661.8610747051115,-677.2018897825558,-677.2018897825558
2024-09-04,185.96491228070167,220.13098688811561,220.13098688811561
2024-09-05,175.80645161290332,173.57851788822975,173.57851788822975
2024-09-06,220.1371346084446,169.65249605614392,169.65249605614392
2024-09-09,135.43228385807095,146.2707264702376,146.2707264702376
2024-09-10,-388.19875776397515,-342.2294700058241,-342.2294700058241
2024-09-11,-777.3167358229599,-765.6694967836365,-765.6694967836365
2024-09-12,145.08196721311467,164.56380751011437,164.56380751011437
2024-09-13,104.34782608695643,81.93302637412197,81.93302637412197
2024-09-16,41.34241245136187,52.89298104831615,52.89298104831615
2024-09-17,-96.99769053117784,-133.6467750554092,-133.6467750554092
2024-09-18,-879.8686062881277,-890.7880331302362,-890.7880331302362
2024-09-19,-258.34658187599365,-249.0639820284548,-249.0639820284548
2024-09-20,678.1411359724613,693.8940300824509,693.8940300824509
2024-09-23,-25.918944392082942,-24.337780242191265,-24.337780242191265
2024-09-24,-237.44769874476975,-241.41419768039862,-241.41419768039862
2024-09-25,78.48837209302334,74.32533867105137,74.32533867105137
2024-09-27,360.2941176470589,392.80033496339763,392.80033496339763
2024-09-30,-297.6570820021299,-315.86020095653635,-315.86020095653635
2024-10-01,2903.541823662397,2867.7478266119297,2867.7478266119297
2024-10-03,138.8684790595151,247.72892466590625,247.72892466590625
2024-10-04,-375.7847533632286,-387.7840355896407,-387.7840355896407
2024-10-07,178.74396135265698,190.89780827860397,190.89780827860397
2024-10-08,163.1059983566147,109.47765802737203,109.47765802737203
2024-10-09,-408.09628008752736,-442.51657516676954,-442.51657516676954
2024-10-10,69.97084548104964,42.96382831847307,42.96382831847307
2024-10-11,175.10617445279308,200.03304109242907,200.03304109242907
2024-10-14,223.62052274927404,184.94428708991296,184.94428708991296
2024-10-15,176.4705882352941,119.93751579334275,119.93751579334275
2024-10-16,-313.6531365313653,-176.388216145983,-176.388216145983
2024-10-17,423.1451899183528,477.2133111065612,477.2133111065612
2024-10-18,225.01611863313994,206.3131285132996,206.3131285132996
2024-10-21,-107.08176530961344,-168.16215512621778,-168.16215512621778
2024-10-22,76.72764227642273,83.29063290302312,83.29063290302312
2024-10-23,-240.78341013824874,-276.40574297522284,-276.40574297522284
2024-10-25,-235.0515463917526,-232.65092636155023,-232.65092636155023
2024-10-28,-36.61226290251427,-110.78098290140562,-110.78098290140562
2024-10-29,-269.73026973026975,-292.73664587111176,-292.73664587111176
2024-10-30,632.0,504.18212552962603,504.18212552962603
2024-10-31,55.555555555555586,118.2179943079759,118.2179943079759
2024-11-04,238.85436368549034,110.48899649790292,110.48899649790292
2024-11-05,187.28755948334475,155.08531431477195,155.08531431477195
2024-11-06,-377.5964391691395,-423.8656619447701,-423.8656619447701
2024-11-07,237.48510131108458,213.74097860089654,213.74097860089654
2024-11-08,-400.78328981723234,-395.9753378989015,-395.9753378989015
2024-11-11,350.86956521739125,256.75086921979505,256.75086921979505
2024-11-12,292.5407925407926,282.53779890624446,282.53779890624446
2024-11-13,35.38873994638066,61.54504339322829,61.54504339322829
2024-11-14,-29.157667386609152,11.768542123673546,11.768542123673546
2024-11-18,-392.0664206642066,-438.46661589235845,-438.46661589235845
2024-11-19,650.6568144499181,601.6223139890731,601.6223139890731
2024-11-21,-211.0606465402084,-242.33023756556793,-242.33023756556793
2024-11-22,1470.8951125755082,1477.0670983448156,1477.0670983448156
2024-11-25,-24.877650897226733,-85.70759441319076,-85.70759441319076
2024-11-26,-6.819288845591845,-70.6663098742308,-70.6663098742308
2024-11-27,37.43315508021399,-21.916501333738392,-21.916501333738392
2024-11-28,46.36209813874785,-11.742881787555843,-11.742881787555843
2024-11-29,-285.2691218130312,-304.8122236951435,-304.8122236951435
2024-12-02,180.32786885245906,130.79633799758952,130.79633799758952
2024-12-03,66.09547123623018,73.73299160089118,73.73299160089118
2024-12-04,102.14772132006286,103.04201342489623,103.04201342489623
2024-12-05,50.188205771643666,48.525602685081054,48.525602685081054
2024-12-06,143.18311466058182,92.47926766453621,92.47926766453621
2024-12-09,-103.04942166140906,-103.06573884798374,-103.06573884798374
2024-12-10,-147.4252491694352,-171.33264457478785,-171.33264457478785
2024-12-11,-425.83333333333326,-466.1547787431803,-466.1547787431803
2024-12-12,293.5779816513763,308.92613956031835,308.92613956031835
2024-12-13,-104.52162516382693,-114.18365110315662,-114.18365110315662
2024-12-16,293.00699300699307,290.1180384622467,290.1180384622467
2024-12-17,290.3068679980514,296.58496041062153,296.58496041062153
2024-12-18,2362.220717670955,2481.836780775521,2481.836780775521
2024-12-19,171.43658810325485,187.1202516819235,187.1202516819235
2024-12-20,-497.98522498321023,-521.3914119006346,-521.3914119006346
2024-12-23,-219.59910913140317,-240.1787490456308,-240.1787490456308
2024-12-24,-329.1703835860838,-361.6180355306406,-361.6180355306406
2024-12-26,-118.63867684478357,-152.97597094953053,-152.97597094953053
2024-12-27,161.96542311191988,180.98748200811286,180.98748200811286
2024-12-30,698.5901798736023,659.7586884194494,659.7586884194494
2024-12-31,-182.37971391417432,-219.0104478728272,-219.0104478728272
2025-01-01,-36.055143160127216,-11.715542174283023,-11.715542174283023
2025-01-02,-109.62343096234314,-123.22962944500851,-123.22962944500851
2025-01-03,-113.21359846055167,-111.72273711916421,-111.72273711916421
2025-01-06,-421.463152232383,-416.108824795523,-416.108824795523
2025-01-07,-3.3208800332088475,-24.268037241748477,-24.268037241748477
2025-01-08,293.733681462141,299.6332727501639,299.6332727501639
2025-01-09,22.945736434108454,-7.367537496324154,-7.367537496324154
2025-01-10,848.8724335240657,954.9158981971891,954.9158981971891
2025-01-13,-404.6369203849519,-418.1255885976562,-418.1255885976562
2025-01-14,-176.22080679405522,-214.09123055162664,-214.09123055162664
2025-01-15,-786.7719644619939,-794.6916196449334,-794.6916196449334
2025-01-16,235.2941176470588,252.45529316581366,252.45529316581366
2025-01-17,84.26812585499319,55.96341129503855,55.96341129503855
2025-01-20,25.63249001331573,23.552773104608335,23.552773104608335
2025-01-21,-143.13725490196072,-143.52897433898434,-143.52897433898434
2025-01-22,-564.0087783467446,-564.844825289704,-564.844825289704
2025-01-23,38.288288288288285,45.93829694941552,45.93829694941552
2025-01-24,621.4262241209332,640.5308928518963,640.5308928518963
2025-01-27,-355.35831689677843,-364.1936796419369,-364.1936796419369
2025-01-28,87.21291123525768,91.98641274273602,91.98641274273602
2025-01-29,-67.43135210288487,-123.18257301775735,-123.18257301775735
2025-01-30,45.967287084038226,11.773026042100021,11.773026042100021
2025-01-31,-761.0681658468026,-771.2799619510097,-771.2799619510097
2025-02-03,421.99108469539385,426.09238024466026,426.09238024466026
2025-02-04,271.0413694721826,231.0577483087676,231.0577483087676
2025-02-05,-231.25794155019065,-300.0579646572252,-300.0579646572252
2025-02-06,772.1321695760598,756.4653025096563,756.4653025096563
2025-02-11,98.88641425389751,30.079534630128933,30.079534630128933
2025-02-12,282.24407171775584,144.91835008022076,144.91835008022076
2025-02-13,-244.26807760141085,-268.2856663390309,-268.2856663390309
2025-02-14,584.4074190506129,549.3964841631516,549.3964841631516
2025-02-17,-35.839160839160876,-83.2311642813639,-83.2311642813639
2025-02-18,319.3612774451098,303.7178866873576,303.7178866873576
2025-02-19,-386.1055444221776,-426.3989658075119,-426.3989658075119
2025-02-20,-115.0013466199838,-116.5451710006164,-116.5451710006164
2025-02-21,390.6542056074767,447.6812927866852,447.6812927866852
2025-02-24,28.215223097112748,-12.935164484190544,-12.935164484190544
2025-02-25,-438.5201305767138,-510.96468843845855,-510.96468843845855
2025-02-27,894.5378151260503,876.48127690767,876.48127690767
2025-02-28,-293.9018798716185,-342.06804139060523,-342.06804139060523
2025-03-03,676.5484383271572,662.0974489989669,662.0974489989669
2025-03-04,90.85648148148141,24.5610353071972,24.5610353071972
2025-03-05,610.0719424460432,589.2220342817741,589.2220342817741
2025-03-06,-173.69572008747272,-85.28141612659391,-85.28141612659391
2025-03-07,-111.4379084967321,-100.43896015217284,-100.43896015217284
2025-03-10,539.2624728850326,575.5563894581878,575.5563894581878
2025-03-11,101.48285449490257,83.69790467418815,83.69790467418815
2025-03-13,-396.15076182838817,-406.3052113594593,-406.3052113594593
2025-03-17,456.37329286798155,490.0388100751933,490.0388100751933
2025-03-18,5.63524590163946,47.51728002988992,47.51728002988992
2025-03-19,326.65639445300474,289.14619177081664,289.14619177081664
2025-03-20,-35.22432332220986,-16.598419576760154,-16.598419576760154
2025-03-21,490.3846153846153,519.1328280252536,519.1328280252536
2025-03-24,306.98246693325115,235.0856913102479,235.0856913102479
2025-03-25,114.19141914191427,5.33951451018314,5.33951451018314
2025-03-26,169.2200557103065,145.89446266338226,145.89446266338226
2025-03-27,-41.95979899497485,-85.96045044064842,-85.96045044064842
2025-03-28,343.82230448866255,343.7784891979562,343.7784891979562
2025-04-01,-66.62180349932709,-97.38209445531463,-97.38209445531463
2025-04-02,-854.9410698096101,-872.0053925035361,-872.0053925035361
2025-04-03,-342.3180592991915,-362.34563410736826,-362.34563410736826
2025-04-04,4455.962587685112,4643.300762988424,4643.300762988424
2025-04-07,453.4262830020764,399.5395963193049,399.5395963193049
2025-04-08,324.37070938215095,311.4854504400558,311.4854504400558
2025-04-09,-601.249349297241,-626.3368649048634,-626.3368649048634
2025-04-11,908.205590622182,829.7029702970298,829.7029702970298
2025-04-15,-560.404807084124,-582.7104994622024,-582.7104994622024
2025-04-16,-649.8719043552519,-681.1105620985345,-681.1105620985345
2025-04-17,200.15760441292355,177.47098125501648,177.47098125501648
